"Sample_name","TACGGAGGGTGCAAGCGTTAATCGGAATTACTGGGCGTAAAGCGCACGCAGGCGGTTGGATAAGTTAGATGTGAAAGCCCCGGGCTCAACCTGGGAATTGCATTTAAAACTGTCCAGCTAGAGTCTTGTAGAGGGGGGTAGAATTCCAGGTGTAGCGGTGAAATGCGTAGAGATCTGGAGGAATACCGGTGGCGAAGGCGGCCCCCTGGACAAAGACTGACGCTCAGGTGCGAAAGCGTGGGGAGCAAACA"
"ERR3458554",0
"ERR3458555",122
"ERR3458556",0
"ERR3458557",69
"ERR3458590",175
"ERR3458591",726
"ERR3458592",54
"ERR3458593",603
"ERR3458642",353
"ERR3458643",411
"ERR3458645",39
"ERR3458674",69
"ERR3458675",33
"ERR3458676",646
"ERR3458677",0
"ERR3458746",574
"ERR3458747",2211
"ERR3458748",2150
"ERR3458749",104
